Designator,Val,Package,Mid X,Mid Y,Rotation,Layer
C1,10uF,C0805,117.2500,-73.5000,180.0,Top
C2,10uF,C0805,117.2500,-75.7500,0.0,Top
C5,C0402,C0402,68.7500,-39.7500,270.0,Top
C6,C0402,C0402,67.5000,-39.7500,270.0,Top
C7,C0402,C0402,126.1700,-43.6000,180.0,Top
C8,C0402,C0402,113.5000,-40.4500,180.0,Top
C9,1uF,C0402,112.2500,-37.2500,180.0,Top
C19,C0402,C0402,66.4000,-50.9000,60.0,Top
C20,C0402,C0402,67.2000,-66.6000,330.0,Top
C21,C0402,C0402,49.0000,-55.3000,90.0,Top
C22,C0402,C0402,111.8000,-57.2000,0.0,Top
C23,C0402,C0402,93.3000,-66.6000,240.0,Top
C24,C0402,C0402,73.6000,-67.1000,90.0,Top
C25,C0402,C0402,87.0000,-67.1000,90.0,Top
C26,C0402,C0402,104.6000,-49.3363,60.0,Top
C27,C0402,C0402,73.0000,-64.2500,0.0,Top
D1,LED-SMD_4P-L2.0-W2.0-TL_WS2812B-2020,LED-SMD_4P-L2.0-W2.0-TL_WS2812B-2020,68.3000,-59.1650,90.0,Top
D2,LED-SMD_4P-L2.0-W2.0-TL_WS2812B-2020,LED-SMD_4P-L2.0-W2.0-TL_WS2812B-2020,67.0942,-63.6650,60.0,Top
D3,LED-SMD_4P-L2.0-W2.0-TL_WS2812B-2020,LED-SMD_4P-L2.0-W2.0-TL_WS2812B-2020,63.8000,-66.9592,30.0,Top
D4,LED-SMD_4P-L2.0-W2.0-TL_WS2812B-2020,LED-SMD_4P-L2.0-W2.0-TL_WS2812B-2020,59.3000,-68.1650,0.0,Top
D5,LED-SMD_4P-L2.0-W2.0-TL_WS2812B-2020,LED-SMD_4P-L2.0-W2.0-TL_WS2812B-2020,54.8000,-66.9592,330.0,Top
D6,LED-SMD_4P-L2.0-W2.0-TL_WS2812B-2020,LED-SMD_4P-L2.0-W2.0-TL_WS2812B-2020,51.5058,-63.6650,300.0,Top
D7,LED-SMD_4P-L2.0-W2.0-TL_WS2812B-2020,LED-SMD_4P-L2.0-W2.0-TL_WS2812B-2020,50.3000,-59.1650,270.0,Top
D8,LED-SMD_4P-L2.0-W2.0-TL_WS2812B-2020,LED-SMD_4P-L2.0-W2.0-TL_WS2812B-2020,51.5058,-54.6650,240.0,Top
D9,LED-SMD_4P-L2.0-W2.0-TL_WS2812B-2020,LED-SMD_4P-L2.0-W2.0-TL_WS2812B-2020,54.8000,-51.3708,210.0,Top
D10,LED-SMD_4P-L2.0-W2.0-TL_WS2812B-2020,LED-SMD_4P-L2.0-W2.0-TL_WS2812B-2020,59.3000,-50.1650,180.0,Top
D11,LED-SMD_4P-L2.0-W2.0-TL_WS2812B-2020,LED-SMD_4P-L2.0-W2.0-TL_WS2812B-2020,63.8000,-51.3708,150.0,Top
D12,LED-SMD_4P-L2.0-W2.0-TL_WS2812B-2020,LED-SMD_4P-L2.0-W2.0-TL_WS2812B-2020,67.0942,-54.6650,120.0,Top
D13,LED-SMD_4P-L2.0-W2.0-TL_WS2812B-2020,LED-SMD_4P-L2.0-W2.0-TL_WS2812B-2020,92.2000,-59.3350,270.0,Top
D14,LED-SMD_4P-L2.0-W2.0-TL_WS2812B-2020,LED-SMD_4P-L2.0-W2.0-TL_WS2812B-2020,93.4058,-54.8350,240.0,Top
D15,LED-SMD_4P-L2.0-W2.0-TL_WS2812B-2020,LED-SMD_4P-L2.0-W2.0-TL_WS2812B-2020,96.6000,-51.5000,210.0,Top
D16,LED-SMD_4P-L2.0-W2.0-TL_WS2812B-2020,LED-SMD_4P-L2.0-W2.0-TL_WS2812B-2020,101.2000,-50.3350,180.0,Top
D17,LED-SMD_4P-L2.0-W2.0-TL_WS2812B-2020,LED-SMD_4P-L2.0-W2.0-TL_WS2812B-2020,105.7000,-51.5408,150.0,Top
D18,LED-SMD_4P-L2.0-W2.0-TL_WS2812B-2020,LED-SMD_4P-L2.0-W2.0-TL_WS2812B-2020,108.9942,-54.8350,120.0,Top
D19,LED-SMD_4P-L2.0-W2.0-TL_WS2812B-2020,LED-SMD_4P-L2.0-W2.0-TL_WS2812B-2020,110.2000,-59.3350,90.0,Top
D20,LED-SMD_4P-L2.0-W2.0-TL_WS2812B-2020,LED-SMD_4P-L2.0-W2.0-TL_WS2812B-2020,108.9942,-63.8350,60.0,Top
D21,LED-SMD_4P-L2.0-W2.0-TL_WS2812B-2020,LED-SMD_4P-L2.0-W2.0-TL_WS2812B-2020,105.7000,-67.1292,30.0,Top
D22,LED-SMD_4P-L2.0-W2.0-TL_WS2812B-2020,LED-SMD_4P-L2.0-W2.0-TL_WS2812B-2020,101.2000,-68.3350,0.0,Top
D23,LED-SMD_4P-L2.0-W2.0-TL_WS2812B-2020,LED-SMD_4P-L2.0-W2.0-TL_WS2812B-2020,96.7000,-67.1292,330.0,Top
D24,LED-SMD_4P-L2.0-W2.0-TL_WS2812B-2020,LED-SMD_4P-L2.0-W2.0-TL_WS2812B-2020,93.4058,-63.8350,300.0,Top
D25,LED-SMD_4P-L2.0-W2.0-TL_WS2812B-2020,LED-SMD_4P-L2.0-W2.0-TL_WS2812B-2020,89.2000,-69.3000,0.0,Top
D26,LED-SMD_4P-L2.0-W2.0-TL_WS2812B-2020,LED-SMD_4P-L2.0-W2.0-TL_WS2812B-2020,84.7000,-69.3000,0.0,Top
D27,LED-SMD_4P-L2.0-W2.0-TL_WS2812B-2020,LED-SMD_4P-L2.0-W2.0-TL_WS2812B-2020,80.2000,-69.3000,0.0,Top
D28,LED-SMD_4P-L2.0-W2.0-TL_WS2812B-2020,LED-SMD_4P-L2.0-W2.0-TL_WS2812B-2020,75.8000,-69.3000,0.0,Top
D29,LED-SMD_4P-L2.0-W2.0-TL_WS2812B-2020,LED-SMD_4P-L2.0-W2.0-TL_WS2812B-2020,71.3000,-69.3000,0.0,Top
J1,USB-C_SMD-TYPE-C-31-M-12_1,USB-C_SMD-TYPE-C-31-M-12_1,124.4775,-80.7500,90.0,Top
R1,R0402,R0402,117.7500,-86.4000,180.0,Top
R2,R0402,R0402,117.7500,-87.7500,180.0,Top
R3,R0603,R0402,114.0000,-38.2500,90.0,Top
R4,R0603,R0402,113.0000,-45.0000,180.0,Top
R5,R0603,R0402,113.0000,-43.5000,180.0,Top
R6,R0603,R0402,113.0000,-41.9500,180.0,Top
R7,R0603,R0402,52.0000,-32.0000,90.0,Top
R9,R0603,R0402,92.0000,-40.2000,180.0,Top
R10,R0603,R0402,117.2500,-85.0000,180.0,Top
R11,R0603,R0402,117.2500,-89.2500,180.0,Top
R12,100R,R0402,126.2500,-44.7500,0.0,Top
SW1,SW-SMD_4P-L5.1-W5.1-P3.70-LS6.5-TL_H1.5,SW-SMD_4P-L5.1-W5.1-P3.70-LS6.5-TL_H1.5,62.2000,-87.5000,0.0,Top
SW2,SW-SMD_4P-L5.1-W5.1-P3.70-LS6.5-TL_H1.5,SW-SMD_4P-L5.1-W5.1-P3.70-LS6.5-TL_H1.5,74.2000,-87.5000,0.0,Top
SW3,SW-SMD_4P-L5.1-W5.1-P3.70-LS6.5-TL_H1.5,SW-SMD_4P-L5.1-W5.1-P3.70-LS6.5-TL_H1.5,86.2000,-87.5000,0.0,Top
SW4,SW-SMD_4P-L5.1-W5.1-P3.70-LS6.5-TL_H1.5,SW-SMD_4P-L5.1-W5.1-P3.70-LS6.5-TL_H1.5,98.2000,-87.5000,0.0,Top
U1,WIFI-SMD_ESP32-WROOM-32E,WIFI-SMD_ESP32-WROOM-32E,80.0000,-47.0000,270.0,Top
U2,LGA-8_L4.0-W3.0-R_WMM7040DT0,LGA-8_L4.0-W3.0-R_WMM7040DT0,127.0000,-41.0300,270.0,Top
U3,SOIC-8_L5.3-W5.3-P1.27-LS8.0-BL,SOIC-8_L5.3-W5.3-P1.27-LS8.0-BL,107.5000,-41.1500,0.0,Top
U4,SOT-223-3_L6.5-W3.4-P2.30-LS7.0-BR,SOT-223-3_L6.5-W3.4-P2.30-LS7.0-BR,116.5000,-80.5000,0.0,Top
U8,SOT-23-5_L3.0-W1.7-P0.95-LS2.8-BR,SOT-23-5_L3.0-W1.7-P0.95-LS2.8-BR,73.0000,-61.7500,0.0,Top
